muestra;tiempo;ALA;ARG;ASN;ASP;GLN;GLU;GLUC;GLY;ILE;LACT;LEU;LYS;MET;PHE;PRO;SER;THR;TRP;TYR;VAL;Pyr;aKG;Citrate;Fumarate;Malate;Succinic acid;Inositol;Citrulline;Butyric acid;5-Oxo-Pro
B1T1;24;261302136;1074195676;215714338;215924490;2014914583;204720794;568452836;4189365;1743659677;2053989534;1214616795;89555416;482821149;781092540;3456956651;36179827;101777186;214119128;187213741;326832620;75774361;4493639;38169885;872962;17029821;8144615;23217581;1551157;10964448;1116672888
B1T2;48;356457979;1184925244;274358336;218036901;1920822259;271530329;561408254;7091388;2072779862;3879314331;1489949365;102188287;550273734;904700788;4557110485;30922679;119680370;260718483;216250371;274088727;80771257;6631189;54215893;1457759;36869094;12200638;29125005;2087566;10399211;1587365253
B1T3;72;328894143;824791224;199974803;112574000;736040751;196710673;398118836;7090974;1315140881;3609267457;975861761;61664758;301552995;595572398;4134926431;10986752;76804582;186924289;130875893;172570014;67543582;4773827;47507091;1707971;40940434;8875311;22557147;1680873;11588547;1445553728
B1T4;96;343926500;688466001;198458920;74891301;476784403;169133986;333301155;7270859;1269375237;4127629875;934415118;55079425;262517615;558825276;4795540127;7065768;69964261;175886405;114430267;152861992;49182364;3939012;49539355;2169331;55726654;10296270;24118865;2333971;11670916;1578942522
B1T5;120;521374328;811941843;279079517;81423126;369249652;207574914;289167949;10031010;1806270950;6762697842;1406559657;82272532;340696590;860279188;7716503048;7483615;95170371;257110719;158453941;203625685;28445877;1586238;77900669;5943387;155124090;7209292;34026233;3819258;12263705;2144655086
B1T6;144;524213268;684701424;241156418;84371798;380841177;198174967;219427281;9195861;1476153856;6348293751;1127212051;75314554;283614398;682649104;7244899175;8153377;82253742;232924322;135306124;192186322;35735276;1944750;72784273;7604348;199750863;3015275;31686963;3847360;9202209;1962185143
B2T1;24;492082087;1714074398;366917280;427555496;3948983453;356956987;965455987;5882693;3367440098;2924153735;2484386457;181009131;989355836;1538122863;5297786185;71084779;226617150;392795297;402041283;544108421;208442076;5723626;71645818;778819;24826278;12385847;37726059;2404394;12067352;1569944636
B2T2;48;452509601;1571288274;348694287;361621473;3070401800;391543446;727314261;7731326;2915391857;6288411224;2085139072;162107974;826118835;1445710278;5400648048;53254549;186939624;362938116;318121820;429617356;106646498;8750710;70027092;1373130;41164599;11796200;36380413;2670261;12962305;1812278877
B2T3;72;436865656;1402202896;340559206;348517103;2487033029;426598645;646489278;10166419;2694833013;7395403384;1996693113;148824914;700886618;1211695786;6105725053;42470834;157589594;338923949;279593908;417882444;117121943;8049314;81415233;2207593;54561477;13398274;35598540;3971980;11461170;2048236709
B2T4;96;474329297;1269876106;334292399;288369881;1878226292;464973713;567117276;10338891;2373346689;7356720263;1928179670;134323850;615763291;1078808196;6429448875;23772491;151811183;304635681;245090346;312927250;128761876;6710205;82406999;3043280;69732809;11327383;34100036;2734807;10530633;2159754183
B2T5;120;275826314;632383978;178987795;121872859;649524300;261603331;304424515;6837944;1020540514;4391464743;733441515;48544362;242380666;484943110;4014437287;7153595;62781073;158129726;109085369;144110121;65079226;4385871;38550740;2261175;56331094;5807430;19772816;1650036;10950933;1473832185
B2T6;144;540186791;979855327;285550398;204123178;805673753;405557810;406554180;12257972;2003551002;8016153638;1499270231;109792171;420646750;914190730;7665350921;10156876;113946179;279478048;189458847;222179582;86741282;6471244;88613801;4464073;115833195;10967944;31456463;3531920;8937135;2235369625
B3T1;24;330942203;1290652339;266813903;282719485;2704842207;272630741;691573451;4714740;2184183736;2943585625;1670926086;130790621;669380491;986107441;3613444732;47724271;132043936;268164567;245326278;310318949;107946172;4542575;49719654;767007;21424467;9711734;27719368;1712770;12034799;1355831588
B3T2;48;426757914;1562341129;332770498;350780423;2728279686;383320019;656142249;8181466;2752556683;6722003407;1914682140;146836008;745394132;1239817919;5310734019;47545959;164803553;344603568;305973409;368900125;91874884;8639073;74329103;1744087;48245272;14071623;36714360;2686427;13790779;1943244242
B3T3;72;343310340;990204047;239958696;211423484;1618750506;318069365;445917830;6706904;1610273295;4983478770;1187903166;87795321;412689636;729358064;3982536973;21748151;96376405;215432268;179936816;228853945;99939849;5616957;49905823;1678707;46434777;7888217;25932279;1902026;12375893;1622834613
B3T4;96;320221165;881244597;221807652;181592209;1040584514;320475387;392328904;7411740;1400979717;5032033044;1013002487;71953901;340085591;662416978;4341306985;12716512;83065353;192358413;151433361;193324725;97203010;4708278;49657743;2402640;62953999;9688581;24623661;2320328;9969338;1701628643
B3T5;120;454035797;927653906;265708623;168222674;598123341;353196321;354440458;9632570;1486215511;7058612320;1139234468;80351559;324361012;773578446;6845016265;6658682;86818041;257017455;151435239;172634375;92870712;6698295;83787696;4149729;112853140;10506338;29390970;2724590;13418882;2144187254
B3T6;144;218401293;626127026;148781347;126247376;890504460;200197029;325519893;4825834;1078895730;3353807541;783246292;49134104;268649439;517479573;3199021668;15666970;61913086;130910483;115073906;155058904;47492415;2641028;30974430;2150416;59903501;6404425;19212894;1627961;12805870;1367860255
