"",Label,ALA,ARG,ASN,ASP,GLU,GLUC,GLY,LYS,MET,PHE,SER,THR,TRP,TYR,VAL,Pyr,aKG,Citrate,Fumarate,Malate,Succinic acid,Inositol,Citrulline,Butyric acid
B1T5,120,521374328,811941843,279079517,81423126,207574914,289167949,10031010,82272532,340696590,860279188,7483615,95170371,257110719,158453941,203625685,28445877,1586238,77900669,5943387,155124090,7209292,34026233,3819258,12263705
B2T5,120,275826314,632383978,178987795,121872859,261603331,304424515,6837944,48544362,242380666,484943110,7153595,62781073,158129726,109085369,144110121,65079226,4385871,38550740,2261175,56331094,5807430,19772816,1650036,10950933
B3T5,120,454035797,927653906,265708623,168222674,353196321,354440458,9632570,80351559,324361012,773578446,6658682,86818041,257017455,151435239,172634375,92870712,6698295,83787696,4149729,112853140,10506338,29390970,2724590,13418882
B1T6,144,524213268,684701424,241156418,84371798,198174967,219427281,9195861,75314554,283614398,682649104,8153377,82253742,232924322,135306124,192186322,35735276,1944750,72784273,7604348,199750863,3015275,31686963,3847360,9202209
B2T6,144,540186791,979855327,285550398,204123178,405557810,406554180,12257972,109792171,420646750,914190730,10156876,113946179,279478048,189458847,222179582,86741282,6471244,88613801,4464073,115833195,10967944,31456463,3531920,8937135
B3T6,144,218401293,626127026,148781347,126247376,200197029,325519893,4825834,49134104,268649439,517479573,15666970,61913086,130910483,115073906,155058904,47492415,2641028,30974430,2150416,59903501,6404425,19212894,1627961,12805870
B1T1,24,261302136,1074195676,215714338,215924490,204720794,568452836,4189365,89555416,482821149,781092540,36179827,101777186,214119128,187213741,326832620,75774361,4493639,38169885,872962,17029821,8144615,23217581,1551157,10964448
B2T1,24,492082087,1714074398,366917280,427555496,356956987,965455987,5882693,181009131,989355836,1538122863,71084779,226617150,392795297,402041283,544108421,208442076,5723626,71645818,778819,24826278,12385847,37726059,2404394,12067352
B3T1,24,330942203,1290652339,266813903,282719485,272630741,691573451,4714740,130790621,669380491,986107441,47724271,132043936,268164567,245326278,310318949,107946172,4542575,49719654,767007,21424467,9711734,27719368,1712770,12034799
B1T2,48,356457979,1184925244,274358336,218036901,271530329,561408254,7091388,102188287,550273734,904700788,30922679,119680370,260718483,216250371,274088727,80771257,6631189,54215893,1457759,36869094,12200638,29125005,2087566,10399211
B2T2,48,452509601,1571288274,348694287,361621473,391543446,727314261,7731326,162107974,826118835,1445710278,53254549,186939624,362938116,318121820,429617356,106646498,8750710,70027092,1373130,41164599,11796200,36380413,2670261,12962305
B3T2,48,426757914,1562341129,332770498,350780423,383320019,656142249,8181466,146836008,745394132,1239817919,47545959,164803553,344603568,305973409,368900125,91874884,8639073,74329103,1744087,48245272,14071623,36714360,2686427,13790779
B1T3,72,328894143,824791224,199974803,112574000,196710673,398118836,7090974,61664758,301552995,595572398,10986752,76804582,186924289,130875893,172570014,67543582,4773827,47507091,1707971,40940434,8875311,22557147,1680873,11588547
B2T3,72,436865656,1402202896,340559206,348517103,426598645,646489278,10166419,148824914,700886618,1211695786,42470834,157589594,338923949,279593908,417882444,117121943,8049314,81415233,2207593,54561477,13398274,35598540,3971980,11461170
B3T3,72,343310340,990204047,239958696,211423484,318069365,445917830,6706904,87795321,412689636,729358064,21748151,96376405,215432268,179936816,228853945,99939849,5616957,49905823,1678707,46434777,7888217,25932279,1902026,12375893
B1T4,96,343926500,688466001,198458920,74891301,169133986,333301155,7270859,55079425,262517615,558825276,7065768,69964261,175886405,114430267,152861992,49182364,3939012,49539355,2169331,55726654,10296270,24118865,2333971,11670916
B2T4,96,474329297,1269876106,334292399,288369881,464973713,567117276,10338891,134323850,615763291,1078808196,23772491,151811183,304635681,245090346,312927250,128761876,6710205,82406999,3043280,69732809,11327383,34100036,2734807,10530633
B3T4,96,320221165,881244597,221807652,181592209,320475387,392328904,7411740,71953901,340085591,662416978,12716512,83065353,192358413,151433361,193324725,97203010,4708278,49657743,2402640,62953999,9688581,24623661,2320328,9969338
